{
  "project_info": {
    "project_number": "435133749592",
    "firebase_url": "https://keeptalking-58973.firebaseio.com",
    "project_id": "keeptalking-58973",
    "storage_bucket": "keeptalking-58973.appspot.com"
  },
  "client": [
    {
      "client_info": {
        "mobilesdk_app_id": "1:435133749592:android:01b179ddf28fcd8b186d2d",
        "android_client_info": {
          "package_name": "com.example.keeptalking"
        }
      },
      "oauth_client": [
        {
          "client_id": "435133749592-id572afoatftmg8a2p7ntl3ie9utpe24.apps.googleusercontent.com",
          "client_type": 1,
          "android_info": {
            "package_name": "com.example.keeptalking",
            "certificate_hash": "0bb6dc9559f8406f2831b5014c20fb91f2d354d0"
          }
        },
        {
          "client_id": "435133749592-9u9sbbj2mg1ppub29r5na86mvr1ful0t.apps.googleusercontent.com",
          "client_type": 3
        }
      ],
      "api_key": [
        {
          "current_key": "AIzaSyAtPXRjAyybXqwst0hBQ6SjPuUmvqmGp3c"
        }
      ],
      "services": {
        "appinvite_service": {
          "other_platform_oauth_client": [
            {
              "client_id": "435133749592-9u9sbbj2mg1ppub29r5na86mvr1ful0t.apps.googleusercontent.com",
              "client_type": 3
            }
          ]
        }
      }
    }
  ],
  "configuration_version": "1"
}